title,date
What Coding Language You Should Learn To Get Hired In 2020,2020-07-02 01:56:44 UTC
Alumni Spotlight: George Gruner,2020-06-24 22:29:08 UTC
A Tech Worker Reading List for 2020,2020-06-08 19:07:59 UTC
JavaScript in 2020,2020-05-27 21:40:51 UTC
Rithm's Alumni Mentor Program,2020-05-12 22:36:35 UTC
Rithm School Remote Updates - Scholarships & Smaller Class Sizes,2020-05-06 18:03:43 UTC
Student Interview: R14 On Remote Company Projects,2020-04-29 18:33:49 UTC
7 Easy Ways To Focus On The Job Search Process,2020-04-21 20:34:41 UTC
SanFranciscoBootcamps.com - Campus Review – Rithm School San Francisco,2020-04-08 21:17:19 UTC
Rithm School Remote Learning FAQs,2020-04-01 00:00:00 UTC
Looking Back On Our First Women In Tech Event Series ,2020-03-31 17:01:40 UTC
Working From Home: A Guide to Success,2020-03-16 21:59:56 UTC
How To Get Good At Coding Challenges,2020-03-04 21:47:44 UTC
Avoid Recruiters: Embrace Cold Email,2020-02-26 17:19:36 UTC
4 Strategies for Whiteboarding Success,2020-02-16 17:12:40 UTC
8 Questions You Should Consider Before Becoming A Software Engineer,2020-02-13 20:07:09 UTC
Intro To Modern React - Preview,2020-02-05 17:18:59 UTC
Alumni Spotlight: Orlando Wong,2020-01-28 22:27:39 UTC
React Hooks! - useEffect,2020-01-14 00:00:00 UTC
It’s 2020: Where are the Women in Tech? ,2019-12-20 00:00:00 UTC
